773f9dd7e928a5fbf85bbbb2df005df9ef4212e28d786d03feaae40846cd946e	projects/SP-006-DOC-2-069/PROJECT_SUMMARY.md	SP-006-DOC-2-069/PROJECT_SUMMARY.md
75b462dcf8112bb36a2fd29a7a7ed806b20524843af657e963fdac3ba7faa1fc	projects/SP-006-DOC-2-069/deliverables/README.md	SP-006-DOC-2-069/deliverables/README.md
0385f25db4301ad12d905f6e0566491b00784c93a3f47ff33114dd6ef6f80a3e	projects/SP-006-DOC-2-069/deliverables/protocol/environment_ledger.json	SP-006-DOC-2-069/deliverables/protocol/environment_ledger.json
d2109266937ee25fbb13333f4bd171768ef97a88dcb2a5990ce945c6892434ee	projects/SP-006-DOC-2-069/deliverables/protocol/lock.json	SP-006-DOC-2-069/deliverables/protocol/lock.json
53ff472038a2c2c10e49c53e408e586c631d7b3b041ff4c59c3362d8f00b852d	projects/SP-006-DOC-2-069/deliverables/protocol/lock_r1.json	SP-006-DOC-2-069/deliverables/protocol/lock_r1.json
ec054c17abbf116faf2f72fbde0a37802d5197a7bc9f9491bad80fa9123f2e59	projects/SP-006-DOC-2-069/deliverables/protocol/lock_r2.json	SP-006-DOC-2-069/deliverables/protocol/lock_r2.json
a53546da17fdebc37a6d0aed829a2040b155808f3766d5275b9d401aace87bf8	projects/SP-006-DOC-2-069/deliverables/protocol/protocol.json	SP-006-DOC-2-069/deliverables/protocol/protocol.json
10f39df946c45c23e713f33702c05141cf4871e1d71cf797fb6c9147a91392c6	projects/SP-006-DOC-2-069/deliverables/protocol/protocol_r1.json	SP-006-DOC-2-069/deliverables/protocol/protocol_r1.json
02b1432db5a87ea1fc4f6cfbcec2a7b2811633254738e492643b45bba979d789	projects/SP-006-DOC-2-069/deliverables/protocol/protocol_r2.json	SP-006-DOC-2-069/deliverables/protocol/protocol_r2.json
341ed958d425a2ba01f9a8394340b1eb4c21d1ea72440737f62949b37421931b	projects/SP-006-DOC-2-069/deliverables/report/literature_ledger.md	SP-006-DOC-2-069/deliverables/report/literature_ledger.md
acb8eaba381982a8e1c7301c4e734d1e5fb4a49c0cfea00c8839d31ec1fde441	projects/SP-006-DOC-2-069/deliverables/report/r1_checkpoint_report.md	SP-006-DOC-2-069/deliverables/report/r1_checkpoint_report.md
0556d49bdfa79bb49056f248b61bbd7edae0db88e961862cd46367641214373e	projects/SP-006-DOC-2-069/deliverables/report/r2_report.md	SP-006-DOC-2-069/deliverables/report/r2_report.md
19cab9de10f2fc10970c70aa4cbd022828afcad54ab3313b418774a869a61d00	projects/SP-006-DOC-2-069/deliverables/report/report.md	SP-006-DOC-2-069/deliverables/report/report.md
5142019fdb079266d4e0c0ea3d845125aecbea156c2f1d21bc35979b66144ed8	projects/SP-006-DOC-2-069/deliverables/results/checkpoint_evaluation_r1.json	SP-006-DOC-2-069/deliverables/results/checkpoint_evaluation_r1.json
900959b4966e6a8b19b8f1dc086b45b92cea99729d9fddbd1ef22b6de61785e8	projects/SP-006-DOC-2-069/deliverables/results/condition_vocab_freeze.json	SP-006-DOC-2-069/deliverables/results/condition_vocab_freeze.json
2d2a4baa711339cc66b45e2fa04c4ba19798fc80c5f067d68ed369e1f27a4dc6	projects/SP-006-DOC-2-069/deliverables/results/cutoff_safe_mechanisms.json	SP-006-DOC-2-069/deliverables/results/cutoff_safe_mechanisms.json
96d19e6cd6496cd4337807d41cbd7ab7a51d0f92464de339841554e222f61396	projects/SP-006-DOC-2-069/deliverables/results/disease_strata_freeze.json	SP-006-DOC-2-069/deliverables/results/disease_strata_freeze.json
e83b779a34728514e048311a9550c2b259dde45652e3c5f923922f0eaa273334	projects/SP-006-DOC-2-069/deliverables/results/freeze_manifest_r1.json	SP-006-DOC-2-069/deliverables/results/freeze_manifest_r1.json
384619a61e8955d44cbca3e845370c2656134b8477bfdcc3c67300dfcea7a200	projects/SP-006-DOC-2-069/deliverables/results/g2_gap_diagnostic.json	SP-006-DOC-2-069/deliverables/results/g2_gap_diagnostic.json
12b08bfb60493e1e7d61e0fdb14629cc5df666977933ec902e5c94dcd7546551	projects/SP-006-DOC-2-069/deliverables/results/g2_metrics_partial.json	SP-006-DOC-2-069/deliverables/results/g2_metrics_partial.json
ff75c93d624beff6da974456956b0ed779e7d3c8425d06788574bf27888825ee	projects/SP-006-DOC-2-069/deliverables/results/gate_evaluation_r2.json	SP-006-DOC-2-069/deliverables/results/gate_evaluation_r2.json
a0e41a6602b5d2e52dd8c6a9d9727e85a41c113f4e0e3734d12cc4d56114e5fe	projects/SP-006-DOC-2-069/results/base_rate_baselines.json	SP-006-DOC-2-069/results/base_rate_baselines.json
f6b039f811853dcb82abaeead1feafff3e29c53da07527e084b479c45b1b9699	projects/SP-006-DOC-2-069/results/chembl_mapping_cutoff_safe.json	SP-006-DOC-2-069/results/chembl_mapping_cutoff_safe.json
07380cb71ad7651c4f6d822a80adda0ed50b158c335131161d935124db9b1dd5	projects/SP-006-DOC-2-069/results/chembl_name_mapping.json	SP-006-DOC-2-069/results/chembl_name_mapping.json
cd23d704ccd2a9c62caf241082686e13745921ee1f3e76eae03fde1a39a9f9f1	projects/SP-006-DOC-2-069/results/cohort_v1.json	SP-006-DOC-2-069/results/cohort_v1.json
ba4d6f38c79b0d47e7a347cc408df8b2a2f4c2ddfa1c2bb55fb1a95bcfeedb64	projects/SP-006-DOC-2-069/results/frozen_labels.json	SP-006-DOC-2-069/results/frozen_labels.json
9cf0ef608157cf98a8d1f9cf7dcc64334c347be98f96c71ee0894825d5e156be	projects/SP-006-DOC-2-069/results/nct_histories.json	SP-006-DOC-2-069/results/nct_histories.json
260f6ac76c55ddedbefaa0982a658142b6b703bed91ea2c52d1a6e45019fcf23	projects/SP-006-DOC-2-069/results/reason_labels_full.json	SP-006-DOC-2-069/results/reason_labels_full.json
c83825c26a60a1bb96c869f3bee3fa27512d8216a2abe0bc9fb16a294a3202bf	projects/DOC-2-069/R0/SP069_R0_IDENTIFIABILITY_NEGATIVE.zip	DOC-2-069/R0/SP069_R0_IDENTIFIABILITY_NEGATIVE.zip
